Student_ID,Test_Score (%),Engagement_Time (mins/week),Math_Proficiency,Science_Proficiency,Language_Proficiency,Completion_Rate (%),Preferred_Format,Login_Frequency (per week)
ST0001,80,339,Medium,High,Low,98,Mixed,5
ST0002,47,485,Low,Low,Medium,89,Quiz,7
ST0003,41,554,Low,Low,Medium,81,Text,1
ST0004,87,543,Low,High,High,82,Video,4
ST0005,57,309,Low,High,Medium,60,Text,5
ST0006,55,527,Medium,Medium,Medium,61,Quiz,5
ST0007,54,208,Medium,High,Low,100,Text,7
ST0008,48,452,High,High,Medium,50,Mixed,3
ST0009,87,255,High,High,Medium,91,Quiz,4
ST0010,46,580,High,High,Low,79,Mixed,4
ST0011,83,199,Medium,Medium,Medium,38,Text,7
ST0012,87,131,Low,Medium,High,73,Video,3
ST0013,97,342,Low,High,Medium,56,Quiz,5
ST0014,74,484,Low,Low,Medium,85,Mixed,4
ST0015,45,408,Medium,Medium,Medium,85,Text,3
ST0016,77,579,High,Low,Medium,73,Quiz,3
ST0017,67,333,Low,Medium,Medium,99,Video,6
ST0018,42,62,High,Medium,Low,60,Quiz,3
ST0019,41,349,High,High,High,52,Video,3
ST0020,45,365,Medium,Medium,Low,39,Text,7
ST0021,53,561,Medium,Medium,High,92,Mixed,2
ST0022,54,212,Low,Medium,High,44,Quiz,3
ST0023,72,517,Medium,High,Low,89,Quiz,6
ST0024,78,555,Medium,High,Low,71,Mixed,4
ST0025,41,413,Medium,High,High,42,Quiz,4
ST0026,75,400,Low,Medium,Medium,86,Quiz,5
ST0027,52,446,High,Low,Low,52,Quiz,1
ST0028,85,526,High,Low,High,69,Quiz,3
ST0029,81,389,Low,High,Medium,81,Mixed,7
ST0030,84,253,High,Low,Medium,38,Text,3
ST0031,74,304,High,Low,Low,43,Quiz,7
ST0032,66,452,Low,High,Low,78,Mixed,1
ST0033,54,299,High,Medium,High,71,Text,1
ST0034,68,480,Medium,High,Low,93,Mixed,4
ST0035,77,104,Low,Medium,Medium,37,Video,7
ST0036,57,385,Low,High,Low,41,Text,6
ST0037,91,544,Medium,Low,Low,57,Text,4
ST0038,95,450,Medium,High,Medium,47,Video,6
ST0039,40,455,Medium,Low,Medium,30,Text,7
ST0040,88,215,Medium,High,Low,48,Text,2
ST0041,91,567,Low,Medium,High,49,Video,1
ST0042,50,97,Low,Medium,High,87,Mixed,5
ST0043,84,189,Low,Medium,High,98,Quiz,1
ST0044,67,574,Medium,Medium,High,67,Text,7
ST0045,61,399,Medium,Medium,Medium,79,Mixed,5
ST0046,57,162,Medium,Medium,Medium,87,Mixed,3
ST0047,49,510,Medium,High,Medium,55,Video,6
ST0048,53,162,Medium,Low,Medium,56,Mixed,7
ST0049,88,598,Low,High,High,70,Video,7
ST0050,61,527,Medium,High,High,68,Mixed,2
ST0051,46,75,Medium,High,Low,68,Quiz,3
ST0052,45,207,Low,Low,Medium,85,Mixed,4
ST0053,64,479,High,Medium,Low,74,Mixed,5
ST0054,46,218,High,High,High,41,Mixed,6
ST0055,62,136,Medium,High,Low,31,Video,6
ST0056,94,540,High,Low,Low,95,Text,7
ST0057,62,331,High,High,Low,81,Video,4
ST0058,78,406,Low,High,Medium,46,Quiz,5
ST0059,56,467,Medium,High,Medium,67,Video,4
ST0060,91,142,Low,Medium,High,37,Text,6
ST0061,42,396,Low,High,Low,77,Quiz,2
ST0062,86,449,Medium,Medium,Medium,100,Text,1
ST0063,69,384,Low,High,High,36,Text,6
ST0064,74,559,Medium,Medium,Medium,30,Quiz,7
ST0065,47,96,Medium,Low,Medium,75,Text,3
ST0066,99,130,High,High,Medium,44,Video,1
ST0067,64,300,Medium,High,Medium,66,Text,6
ST0068,45,354,Medium,Low,High,33,Mixed,3
ST0069,75,292,Medium,Medium,High,60,Video,7
ST0070,58,152,Medium,Low,Medium,85,Text,1
ST0071,93,504,Medium,Medium,Medium,80,Mixed,7
ST0072,80,160,High,Low,Low,70,Video,6
ST0073,79,162,High,High,Medium,78,Quiz,3
ST0074,96,514,Low,Medium,Low,81,Video,6
ST0075,95,230,Medium,High,Medium,78,Quiz,4
ST0076,63,366,Medium,High,High,85,Video,2
ST0077,76,89,High,Low,High,99,Mixed,5
ST0078,52,107,High,High,Low,57,Quiz,4
ST0079,85,392,Low,Medium,High,52,Video,4
ST0080,44,117,Medium,High,High,90,Quiz,6
ST0081,42,360,Medium,Low,High,47,Text,5
ST0082,82,427,Low,Low,High,54,Video,7
ST0083,54,443,Medium,Medium,High,79,Video,1
ST0084,89,501,Medium,Low,Low,76,Mixed,3
ST0085,58,209,Medium,High,Medium,83,Mixed,4
ST0086,45,310,High,Medium,Medium,49,Mixed,4
ST0087,94,481,High,Medium,Medium,66,Quiz,6
ST0088,54,244,High,Medium,High,46,Video,7
ST0089,95,234,Medium,Medium,High,47,Quiz,6
ST0090,46,239,High,Medium,Medium,31,Video,1
ST0091,64,140,Low,High,High,39,Mixed,6
ST0092,57,451,Medium,Medium,Medium,32,Quiz,4
ST0093,69,306,Medium,Medium,Low,48,Text,3
ST0094,80,569,Medium,Low,Medium,92,Text,5
ST0095,93,206,Medium,Medium,High,85,Video,2
ST0096,63,297,Medium,Low,Medium,47,Quiz,6
ST0097,50,532,Low,High,Medium,40,Quiz,2
ST0098,63,320,High,High,High,47,Video,7
ST0099,62,530,Low,High,Low,83,Video,5
ST0100,53,321,High,High,Low,88,Mixed,5
ST0101,82,69,High,Low,High,84,Video,7
ST0102,57,536,Low,Medium,Medium,53,Mixed,7
ST0103,84,354,High,Low,Medium,88,Quiz,6
ST0104,99,221,High,High,High,95,Text,5
ST0105,83,135,Low,Low,High,84,Text,1
ST0106,81,512,High,High,High,100,Mixed,2
ST0107,44,413,Medium,Medium,Medium,87,Video,4
ST0108,78,366,High,High,Low,79,Video,7
ST0109,80,494,Low,Medium,Low,75,Text,1
ST0110,50,316,Medium,Medium,Low,58,Text,3
ST0111,74,527,Medium,Low,Medium,53,Mixed,7
ST0112,86,369,High,Low,Low,84,Mixed,6
ST0113,55,263,Low,Low,Medium,30,Quiz,5
ST0114,50,453,Medium,Low,Medium,93,Text,7
ST0115,69,554,High,Medium,High,60,Video,4
ST0116,64,169,Medium,Medium,Medium,94,Quiz,2
ST0117,57,302,Low,High,High,64,Mixed,4
ST0118,99,450,High,Medium,Medium,82,Mixed,1
ST0119,80,427,Medium,Low,High,99,Quiz,4
ST0120,84,362,Low,Medium,High,76,Text,6
ST0121,75,362,Medium,High,Medium,34,Quiz,5
ST0122,54,82,High,Low,Medium,34,Video,2
ST0123,83,465,Low,Low,Medium,91,Quiz,2
ST0124,60,341,High,Medium,Medium,77,Text,2
ST0125,93,68,Medium,Medium,High,44,Mixed,2
ST0126,89,110,Medium,High,High,91,Mixed,7
ST0127,89,568,Low,Low,High,40,Mixed,6
ST0128,43,353,Medium,Medium,Medium,48,Mixed,6
ST0129,54,295,High,High,Medium,97,Quiz,1
ST0130,92,420,Medium,Low,Low,65,Mixed,1
ST0131,42,284,High,Low,Low,89,Video,4
ST0132,91,254,Medium,Medium,Low,96,Mixed,6
ST0133,60,316,High,Medium,Low,40,Quiz,1
ST0134,65,200,High,Low,High,96,Text,2
ST0135,57,159,High,Low,Low,41,Mixed,3
ST0136,44,100,Medium,High,High,61,Mixed,4
ST0137,53,376,High,Low,Medium,90,Video,7
ST0138,98,511,Low,Medium,High,39,Video,3
ST0139,100,94,Medium,Low,High,99,Quiz,2
ST0140,76,433,High,Low,High,69,Mixed,6
ST0141,96,194,High,High,Low,36,Text,3
ST0142,85,152,High,Medium,Low,73,Text,6
ST0143,60,362,High,High,Low,98,Mixed,4
ST0144,53,394,Low,Medium,Medium,31,Video,6
ST0145,81,485,Low,Medium,Low,90,Quiz,1
ST0146,71,239,Low,Medium,Low,88,Mixed,6
ST0147,65,265,High,Medium,Low,95,Mixed,2
ST0148,96,195,High,Medium,Medium,90,Video,5
ST0149,98,434,Medium,Low,High,72,Mixed,6
ST0150,81,573,Low,Low,Low,83,Quiz,6
ST0151,69,339,High,High,Low,75,Text,4
ST0152,49,228,High,Low,Medium,67,Text,1
ST0153,56,323,Low,High,High,67,Quiz,7
ST0154,48,553,High,Medium,Low,51,Text,6
ST0155,55,362,High,Low,Low,34,Mixed,3
ST0156,87,406,High,Medium,Medium,68,Quiz,7
ST0157,75,177,High,High,High,63,Video,2
ST0158,74,539,Medium,Low,Low,37,Video,5
ST0159,56,137,Medium,Low,Low,90,Video,7
ST0160,87,204,Medium,High,High,51,Video,5
ST0161,77,291,Low,Low,Medium,36,Mixed,1
ST0162,67,466,Low,High,Medium,67,Mixed,6
ST0163,97,434,Low,High,Low,33,Video,3
ST0164,77,152,Medium,Low,Low,66,Mixed,4
ST0165,65,464,Low,Low,High,92,Quiz,6
ST0166,63,74,High,High,Medium,40,Quiz,6
ST0167,54,330,High,Medium,Medium,46,Quiz,6
ST0168,48,186,High,Medium,High,94,Video,6
ST0169,72,525,High,Low,Low,39,Video,4
ST0170,71,437,High,Low,Low,65,Video,6
ST0171,45,328,High,Medium,High,62,Mixed,6
ST0172,88,450,High,High,Low,46,Text,7
ST0173,43,440,Low,High,Low,65,Text,5
ST0174,95,170,Medium,Medium,Low,65,Mixed,7
ST0175,47,299,Medium,Low,High,62,Video,4
ST0176,49,542,Medium,Low,Medium,31,Video,7
ST0177,80,85,Medium,Low,Medium,44,Mixed,2
ST0178,50,395,High,Medium,Medium,52,Quiz,2
ST0179,90,286,High,Medium,Medium,49,Quiz,3
ST0180,83,124,High,Medium,High,87,Mixed,1
ST0181,67,535,High,High,Medium,77,Mixed,3
ST0182,78,369,Low,High,High,52,Quiz,1
ST0183,44,478,Medium,High,Medium,63,Quiz,1
ST0184,64,179,Low,High,Low,60,Text,1
ST0185,64,203,Medium,Medium,High,92,Text,3
ST0186,78,106,Low,Medium,High,53,Text,6
ST0187,69,98,Medium,High,Low,97,Video,5
ST0188,73,371,Medium,Low,High,34,Quiz,2
ST0189,56,564,Low,Medium,High,73,Video,6
ST0190,75,178,Low,Medium,Medium,40,Mixed,1
ST0191,95,159,High,Medium,High,48,Video,5
ST0192,100,300,Low,Low,High,49,Video,3
ST0193,40,198,Medium,Low,High,93,Mixed,2
ST0194,83,457,Medium,Medium,High,82,Video,7
ST0195,86,524,Medium,Low,Medium,79,Video,3
ST0196,47,439,Medium,Low,High,60,Text,4
ST0197,83,489,Low,Low,High,86,Mixed,5
ST0198,96,218,High,High,High,51,Mixed,6
ST0199,74,484,Medium,Low,High,56,Mixed,1
ST0200,88,161,Medium,Low,Medium,74,Mixed,3
ST0201,57,561,Medium,High,Medium,36,Quiz,1
ST0202,89,477,Low,Low,Medium,63,Quiz,5
ST0203,81,346,Medium,High,High,44,Mixed,5
ST0204,61,93,High,High,Low,36,Quiz,2
ST0205,47,439,High,Low,Low,51,Video,7
ST0206,58,282,Medium,Low,Medium,89,Text,4
ST0207,67,514,Medium,Medium,Medium,81,Text,4
ST0208,50,515,Low,High,Medium,90,Video,3
ST0209,69,301,Medium,High,Medium,68,Text,7
ST0210,40,431,Low,Low,Medium,90,Video,3
ST0211,86,161,High,Medium,Low,98,Video,7
ST0212,96,436,Low,High,Medium,59,Text,6
ST0213,86,427,Low,Medium,Low,78,Video,7
ST0214,56,122,Medium,High,Low,79,Text,2
ST0215,72,467,High,High,High,90,Mixed,5
ST0216,88,342,Low,Low,Low,63,Text,6
ST0217,51,254,High,High,Medium,48,Text,5
ST0218,72,185,Low,Low,Medium,97,Mixed,5
ST0219,98,525,High,High,Medium,85,Text,2
ST0220,46,153,Low,Low,High,31,Video,1
ST0221,95,277,High,High,Low,66,Quiz,4
ST0222,80,81,Low,Low,High,87,Mixed,1
ST0223,59,111,High,Low,Medium,78,Text,5
ST0224,93,401,Low,High,Medium,70,Mixed,7
ST0225,80,309,Medium,Low,Medium,97,Mixed,4
ST0226,72,188,High,Medium,Low,35,Video,3
ST0227,78,270,Medium,Medium,Medium,42,Video,2
ST0228,52,130,Medium,Medium,Medium,98,Text,7
ST0229,49,272,Low,Low,High,75,Text,3
ST0230,63,281,Medium,High,Low,85,Mixed,7
ST0231,88,298,High,Medium,Low,64,Mixed,2
ST0232,50,396,Low,Medium,High,72,Mixed,4
ST0233,74,211,Low,High,Medium,64,Video,6
ST0234,89,62,High,Low,Low,64,Mixed,4
ST0235,99,343,High,Low,Medium,42,Text,2
ST0236,73,208,Medium,High,High,62,Text,5
ST0237,98,193,Medium,High,Medium,80,Quiz,3
ST0238,40,316,Low,High,Medium,89,Mixed,2
ST0239,78,238,High,Low,Low,60,Video,6
ST0240,60,172,High,Medium,Low,54,Quiz,6
ST0241,71,86,Low,Medium,High,96,Video,7
ST0242,41,194,Medium,High,High,73,Video,7
ST0243,47,75,High,Low,High,53,Mixed,7
ST0244,99,426,Medium,High,Medium,70,Mixed,6
ST0245,63,303,Medium,High,Medium,100,Mixed,1
ST0246,96,391,Low,Medium,Low,31,Quiz,5
ST0247,93,76,High,High,Medium,31,Video,3
ST0248,91,238,Low,High,Low,38,Mixed,3
ST0249,59,331,Low,High,Medium,31,Mixed,5
ST0250,55,113,Medium,Low,High,82,Mixed,6
ST0251,43,189,High,Medium,Low,42,Mixed,1
ST0252,55,491,Low,Low,High,97,Text,3
ST0253,96,598,High,High,High,43,Video,7
ST0254,76,176,Low,High,High,87,Video,6
ST0255,100,125,High,High,High,74,Mixed,5
ST0256,45,547,Low,Low,Medium,58,Quiz,4
ST0257,45,519,Medium,Medium,Medium,66,Video,6
ST0258,86,430,Medium,Low,High,62,Quiz,7
ST0259,71,585,Low,Low,High,54,Mixed,2
ST0260,92,171,Medium,Medium,High,34,Mixed,4
ST0261,44,522,Low,Low,Medium,33,Video,3
ST0262,88,575,Medium,High,Medium,41,Mixed,6
ST0263,74,286,High,Low,Low,37,Quiz,4
ST0264,89,104,Medium,Medium,Low,57,Mixed,1
ST0265,48,593,High,High,Low,45,Mixed,7
ST0266,48,368,High,Low,Low,45,Video,3
ST0267,82,529,Medium,Medium,Medium,41,Text,2
ST0268,70,91,High,High,Low,46,Quiz,7
ST0269,100,122,Medium,Medium,High,78,Text,6
ST0270,75,550,High,Medium,Medium,53,Mixed,2
ST0271,50,471,Medium,Low,High,44,Quiz,7
ST0272,56,496,High,Low,Medium,53,Mixed,6
ST0273,73,170,Low,High,Medium,62,Text,7
ST0274,95,562,Medium,Medium,High,67,Text,2
ST0275,78,514,Medium,Low,High,89,Quiz,6
ST0276,67,135,Medium,High,Medium,39,Mixed,6
ST0277,53,142,High,Medium,Low,88,Text,1
ST0278,99,389,Low,Medium,Medium,65,Quiz,7
ST0279,74,211,High,Low,Low,84,Mixed,7
ST0280,88,127,High,Low,Low,71,Mixed,2
ST0281,86,189,Medium,Low,Low,62,Quiz,7
ST0282,84,341,High,High,High,50,Mixed,4
ST0283,52,392,High,Low,Low,39,Text,6
ST0284,85,450,Low,Low,Low,65,Text,4
ST0285,59,361,High,High,Low,37,Quiz,3
ST0286,65,524,Low,High,Medium,78,Video,7
ST0287,82,577,Medium,Medium,Medium,79,Mixed,6
ST0288,81,500,Low,Low,Low,72,Text,7
ST0289,63,161,Low,Low,High,37,Text,2
ST0290,68,177,Medium,High,Medium,63,Text,1
ST0291,97,280,Low,Low,High,63,Text,5
ST0292,73,500,Low,High,Low,52,Mixed,4
ST0293,68,522,Medium,High,Low,86,Video,3
ST0294,47,293,High,Low,Low,38,Mixed,4
ST0295,55,483,Low,Medium,Low,92,Mixed,6
ST0296,54,407,High,High,Low,55,Quiz,4
ST0297,44,524,Medium,Low,Medium,80,Text,3
ST0298,61,468,Medium,Medium,Low,52,Text,7
ST0299,41,485,High,Medium,Medium,92,Video,4
ST0300,77,157,Low,Medium,Medium,43,Video,4
ST0301,75,380,High,Medium,Medium,48,Quiz,1
ST0302,54,497,Medium,Low,Medium,99,Quiz,5
ST0303,77,380,Medium,Low,Medium,85,Quiz,6
ST0304,54,321,Low,Low,Medium,57,Text,3
ST0305,40,443,Medium,Low,High,43,Text,3
ST0306,44,216,High,Medium,Low,86,Video,6
ST0307,85,545,High,Medium,Medium,63,Video,2
ST0308,80,128,High,High,Low,43,Quiz,6
ST0309,43,153,High,Medium,Low,34,Mixed,7
ST0310,54,147,Low,Medium,Low,39,Video,5
ST0311,44,155,High,High,Medium,39,Text,4
ST0312,97,502,Low,Low,Medium,62,Video,1
ST0313,42,158,Medium,Low,Low,87,Text,2
ST0314,95,441,Medium,Low,High,32,Mixed,3
ST0315,61,193,Low,Low,Medium,93,Quiz,7
ST0316,44,121,Low,Low,Low,49,Quiz,7
ST0317,72,397,Medium,High,Low,30,Quiz,5
ST0318,55,185,Medium,High,Medium,34,Video,7
ST0319,57,480,High,Low,Medium,79,Quiz,7
ST0320,82,422,Low,Medium,Low,64,Text,1
ST0321,71,493,Medium,Medium,Low,49,Video,7
ST0322,53,112,Low,Medium,High,72,Video,6
ST0323,74,354,Medium,High,Low,80,Mixed,3
ST0324,48,379,Low,Medium,Medium,30,Mixed,4
ST0325,86,420,Low,High,Medium,95,Video,6
ST0326,99,166,Medium,Low,Low,92,Video,2
ST0327,96,579,High,Medium,High,91,Video,5
ST0328,76,277,High,Medium,Low,85,Video,2
ST0329,76,218,High,Low,Low,81,Video,4
ST0330,70,553,Medium,Low,Medium,38,Text,6
ST0331,55,289,Medium,Medium,High,99,Video,4
ST0332,90,170,High,Medium,Low,58,Text,3
ST0333,70,418,Medium,Medium,High,30,Quiz,2
ST0334,91,436,Medium,Medium,High,79,Text,2
ST0335,66,177,High,Medium,Low,91,Quiz,2
ST0336,52,345,Medium,High,Medium,45,Mixed,7
ST0337,46,291,Medium,Medium,Medium,98,Mixed,6
ST0338,46,499,Low,Medium,High,75,Video,2
ST0339,82,86,Low,High,Medium,72,Text,6
ST0340,67,333,High,Low,Medium,68,Quiz,6
ST0341,62,89,Low,Low,Low,81,Quiz,1
ST0342,67,244,Low,Low,High,37,Text,3
ST0343,66,339,Medium,High,High,41,Video,6
ST0344,69,376,Low,High,Low,76,Text,7
ST0345,95,407,Medium,Low,High,98,Mixed,5
ST0346,86,419,Low,Low,High,73,Mixed,1
ST0347,43,66,High,Low,High,40,Video,6
ST0348,83,245,Medium,Medium,Low,88,Text,7
ST0349,81,206,Low,High,Medium,67,Mixed,7
ST0350,81,470,Medium,Medium,Medium,55,Quiz,2
ST0351,46,131,High,High,High,52,Quiz,4
ST0352,43,205,High,High,Medium,100,Text,4
ST0353,65,91,Medium,Medium,Low,35,Video,6
ST0354,86,153,High,Low,Medium,79,Quiz,7
ST0355,61,280,High,High,Low,54,Quiz,2
ST0356,91,445,Low,Medium,High,68,Mixed,1
ST0357,95,489,High,Medium,Low,79,Quiz,1
ST0358,46,524,Low,High,Low,43,Text,3
ST0359,55,409,Medium,Low,Low,75,Text,4
ST0360,52,221,High,High,High,92,Mixed,2
ST0361,52,438,Medium,High,Medium,40,Text,1
ST0362,74,379,High,Low,Medium,86,Text,1
ST0363,68,392,Low,Medium,Low,54,Mixed,5
ST0364,48,146,High,Medium,Low,47,Mixed,6
ST0365,67,113,Medium,Low,Medium,34,Mixed,3
ST0366,51,219,High,Medium,High,54,Mixed,5
ST0367,57,221,Low,Medium,Low,33,Quiz,4
ST0368,69,110,Medium,Low,Medium,60,Video,2
ST0369,55,143,Low,Low,Low,92,Mixed,6
ST0370,95,338,High,Medium,Low,79,Text,6
ST0371,99,513,High,High,Low,38,Video,4
ST0372,44,494,Low,Medium,High,99,Video,2
ST0373,68,557,Medium,Low,High,69,Video,1
ST0374,91,512,Low,High,Medium,93,Quiz,1
ST0375,95,484,Medium,High,High,98,Quiz,2
ST0376,94,339,Medium,High,High,87,Mixed,4
ST0377,75,280,Medium,High,Low,32,Text,4
ST0378,46,584,Low,High,Medium,34,Mixed,3
ST0379,43,176,Medium,High,Low,73,Video,6
ST0380,81,413,Low,High,Low,37,Mixed,5
ST0381,74,500,Low,Low,Low,73,Video,2
ST0382,93,173,Low,High,Medium,35,Text,6
ST0383,40,350,High,Medium,Low,81,Video,6
ST0384,45,558,High,High,High,45,Quiz,4
ST0385,99,599,High,High,High,57,Mixed,7
ST0386,88,375,Medium,High,Medium,96,Mixed,6
ST0387,94,106,High,High,High,88,Quiz,7
ST0388,55,285,High,High,Low,98,Quiz,6
ST0389,50,464,High,Low,Low,49,Quiz,6
ST0390,66,116,Medium,Medium,Medium,59,Video,1
ST0391,71,67,Low,High,High,39,Quiz,7
ST0392,70,269,High,High,Low,34,Text,4
ST0393,53,368,Low,Low,High,48,Mixed,7
ST0394,95,276,Low,Medium,High,92,Mixed,7
ST0395,65,200,Low,Medium,Low,32,Text,6
ST0396,97,321,Low,High,Low,90,Mixed,4
ST0397,43,356,High,High,Medium,35,Quiz,3
ST0398,50,395,Medium,High,Low,61,Mixed,6
ST0399,64,182,High,Medium,Medium,46,Text,6
ST0400,40,67,Medium,Low,High,31,Quiz,4
ST0401,64,569,High,High,High,52,Video,3
ST0402,56,500,High,High,Medium,36,Video,1
ST0403,99,239,Low,Low,Medium,69,Quiz,1
ST0404,90,192,Medium,Low,High,42,Mixed,1
ST0405,90,449,High,High,Low,88,Text,1
ST0406,69,295,Medium,Low,Low,51,Quiz,1
ST0407,58,572,Medium,High,High,38,Text,4
ST0408,67,422,High,Medium,Medium,43,Video,6
ST0409,84,133,Medium,Medium,Medium,44,Quiz,6
ST0410,86,466,High,Low,High,93,Quiz,5
ST0411,90,103,High,Low,Low,58,Text,2
ST0412,75,506,Low,Medium,Medium,38,Video,1
ST0413,82,79,Low,Medium,Low,55,Video,5
ST0414,85,530,Medium,Low,Medium,84,Quiz,5
ST0415,71,139,Low,Medium,High,73,Text,5
ST0416,49,380,Medium,Medium,Medium,81,Quiz,4
ST0417,52,499,High,Low,High,71,Mixed,3
ST0418,58,474,Low,High,Medium,45,Video,6
ST0419,53,487,High,Low,High,99,Video,6
ST0420,43,356,Low,High,High,47,Quiz,1
ST0421,77,177,Low,High,Medium,71,Quiz,7
ST0422,87,474,Low,Medium,Low,57,Quiz,5
ST0423,74,81,High,Medium,High,35,Video,2
ST0424,43,392,Medium,Low,Low,52,Video,4
ST0425,87,235,Low,Low,High,72,Video,4
ST0426,60,531,High,Medium,Medium,38,Mixed,6
ST0427,43,430,Medium,Medium,Medium,45,Quiz,6
ST0428,43,150,Medium,High,High,65,Video,4
ST0429,77,507,Low,Medium,Medium,48,Mixed,3
ST0430,70,168,High,Low,Medium,83,Quiz,5
ST0431,72,309,High,Medium,High,51,Text,2
ST0432,98,506,Medium,Medium,High,77,Text,1
ST0433,94,470,High,Medium,Low,100,Quiz,3
ST0434,73,596,Medium,Low,Low,51,Quiz,1
ST0435,50,140,Medium,Medium,High,86,Quiz,6
ST0436,43,465,Medium,High,Low,61,Text,7
ST0437,72,377,Low,High,Medium,35,Mixed,7
ST0438,45,407,High,Low,Medium,47,Text,5
ST0439,94,286,Low,Low,Medium,42,Video,2
ST0440,51,401,Medium,Medium,High,78,Quiz,4
ST0441,44,232,High,Medium,Medium,50,Text,7
ST0442,78,138,High,Low,Medium,32,Quiz,6
ST0443,44,582,Medium,High,Low,92,Mixed,1
ST0444,83,176,High,High,High,40,Video,4
ST0445,95,582,Medium,Low,High,30,Text,5
ST0446,55,258,Medium,Low,Medium,30,Mixed,7
ST0447,65,417,Medium,High,High,52,Mixed,5
ST0448,47,419,Medium,High,Low,41,Video,7
ST0449,100,211,High,High,Low,66,Video,7
ST0450,96,301,Low,Medium,High,83,Video,5
ST0451,76,165,High,High,Medium,90,Mixed,4
ST0452,55,209,Low,High,High,46,Text,1
ST0453,77,322,High,Low,Low,56,Mixed,5
ST0454,78,262,Medium,High,Medium,48,Text,7
ST0455,42,237,High,High,High,64,Mixed,5
ST0456,79,216,High,Medium,Low,96,Video,5
ST0457,45,137,High,Medium,High,87,Quiz,6
ST0458,66,241,Medium,Medium,High,82,Mixed,7
ST0459,82,565,Low,Low,Medium,60,Mixed,7
ST0460,77,535,High,Low,Low,52,Quiz,6
ST0461,76,519,Medium,Medium,High,34,Mixed,1
ST0462,73,390,Low,Medium,High,53,Mixed,7
ST0463,60,383,Medium,High,Medium,93,Mixed,7
ST0464,99,214,Low,High,High,41,Mixed,2
ST0465,56,510,Medium,High,Low,68,Mixed,6
ST0466,53,129,Medium,Medium,High,74,Text,1
ST0467,82,540,Medium,High,Medium,83,Text,2
ST0468,85,512,Medium,High,Medium,30,Text,7
ST0469,60,370,Medium,Medium,Medium,60,Mixed,5
ST0470,55,341,High,High,High,54,Mixed,6
ST0471,56,117,High,Medium,Medium,45,Text,2
ST0472,65,420,Low,Low,Low,97,Video,1
ST0473,48,579,High,Low,Low,42,Text,5
ST0474,82,135,Medium,High,High,76,Mixed,4
ST0475,81,377,Medium,Low,High,99,Mixed,7
ST0476,59,532,High,Low,Low,94,Video,3
ST0477,69,522,Low,Medium,Low,58,Text,1
ST0478,60,98,Low,Medium,Low,89,Quiz,1
ST0479,99,118,Low,High,Low,56,Video,2
ST0480,88,437,High,Medium,Low,65,Mixed,5
ST0481,99,353,Medium,High,Low,36,Video,2
ST0482,44,138,Low,High,Low,54,Video,6
ST0483,40,152,Low,Medium,Medium,44,Quiz,2
ST0484,69,579,Low,High,Low,49,Quiz,1
ST0485,79,453,Medium,Low,Low,90,Video,5
ST0486,76,533,Medium,Low,Low,93,Text,3
ST0487,46,102,Low,Low,High,52,Video,7
ST0488,44,520,Medium,Medium,High,50,Quiz,7
ST0489,74,252,Low,Low,Medium,35,Quiz,1
ST0490,53,389,High,High,High,36,Quiz,1
ST0491,72,547,Low,High,Medium,76,Quiz,1
ST0492,56,573,High,High,High,66,Quiz,5
ST0493,48,214,Medium,Medium,High,56,Mixed,3
ST0494,99,123,Low,Low,High,85,Video,3
ST0495,62,521,Medium,Medium,High,62,Text,5
ST0496,96,165,Low,High,Medium,72,Text,2
ST0497,44,411,High,Low,Low,88,Mixed,4
ST0498,96,146,Medium,Low,Medium,35,Video,6
ST0499,55,576,Medium,Low,Low,43,Quiz,1
ST0500,63,236,Low,Medium,High,36,Quiz,2
ST0501,58,100,Medium,Low,High,98,Text,3
ST0502,50,313,High,Medium,Low,52,Text,1
ST0503,68,508,High,Low,Low,50,Mixed,5
ST0504,93,509,Low,High,Low,33,Video,7
ST0505,74,596,Low,Medium,High,92,Video,3
ST0506,85,595,Medium,Low,Medium,95,Quiz,6
ST0507,59,222,High,Medium,Low,44,Video,5
ST0508,79,432,Medium,Low,Medium,39,Video,4
ST0509,91,441,High,High,High,60,Mixed,2
ST0510,81,349,High,High,Low,86,Mixed,5
ST0511,73,456,Low,High,Medium,71,Quiz,4
ST0512,40,478,Medium,Low,High,83,Mixed,6
ST0513,82,406,High,Medium,High,55,Quiz,3
ST0514,92,113,Low,Medium,Medium,71,Mixed,5
ST0515,75,402,High,High,Medium,59,Mixed,3
ST0516,59,127,Low,High,High,44,Text,5
ST0517,99,397,Low,High,Low,71,Text,5
ST0518,82,156,Low,Low,High,59,Mixed,5
ST0519,46,455,Medium,Medium,Medium,42,Mixed,2
ST0520,100,350,Low,Low,High,60,Mixed,6
ST0521,96,318,Low,High,Low,82,Text,1
ST0522,48,213,High,High,High,55,Quiz,6
ST0523,56,401,Low,Low,Low,78,Video,7
ST0524,47,143,High,High,Medium,58,Mixed,1
ST0525,96,204,High,Medium,Low,39,Mixed,2
ST0526,46,418,Medium,High,Low,90,Text,1
ST0527,87,377,Low,Medium,High,92,Mixed,2
ST0528,75,461,Low,High,Low,36,Quiz,2
ST0529,49,192,High,Low,Low,85,Video,3
ST0530,57,146,Medium,High,High,48,Mixed,7
ST0531,58,377,Low,High,Low,57,Quiz,7
ST0532,78,445,Medium,Low,High,88,Video,2
ST0533,53,396,High,High,Medium,52,Text,2
ST0534,85,190,Low,Low,Low,79,Video,5
ST0535,61,599,Medium,Low,Low,77,Quiz,5
ST0536,53,155,Low,Medium,High,47,Video,2
ST0537,83,493,Low,High,High,88,Video,5
ST0538,80,580,Medium,High,Low,54,Text,3
ST0539,94,430,Low,High,High,75,Video,3
ST0540,56,78,High,Medium,High,64,Text,2
ST0541,72,431,Low,High,Low,55,Mixed,6
ST0542,71,376,Low,Medium,High,72,Video,5
ST0543,56,244,Medium,Medium,High,46,Video,4
ST0544,97,279,Medium,High,High,34,Text,1
ST0545,98,409,Medium,High,Medium,37,Video,5
ST0546,94,557,Low,Low,High,65,Quiz,3
ST0547,43,256,Medium,Medium,Low,47,Text,3
ST0548,45,291,Low,Medium,High,44,Text,4
ST0549,80,200,High,Medium,High,89,Mixed,6
ST0550,67,218,High,Medium,Medium,88,Video,2
ST0551,93,139,Low,Medium,High,83,Quiz,4
ST0552,57,362,Low,Low,Medium,51,Mixed,4
ST0553,42,163,High,Low,High,73,Video,1
ST0554,40,579,High,Medium,High,58,Mixed,3
ST0555,61,599,Low,High,Medium,67,Video,6
ST0556,89,98,High,High,Low,50,Quiz,4
ST0557,48,404,High,High,Low,51,Mixed,6
ST0558,80,194,Low,High,Low,100,Text,2
ST0559,56,445,Medium,Medium,High,59,Mixed,5
ST0560,50,217,Medium,High,Medium,41,Video,2
ST0561,87,226,High,High,High,82,Quiz,1
ST0562,68,245,Low,Medium,Medium,96,Mixed,6
ST0563,75,229,High,High,High,92,Quiz,6
ST0564,85,508,High,High,Low,57,Video,3
ST0565,67,104,Low,High,High,90,Video,6
ST0566,75,480,Medium,High,High,89,Video,6
ST0567,40,433,High,Low,Medium,65,Text,6
ST0568,47,303,High,Low,Medium,31,Quiz,2
ST0569,44,514,Medium,Low,Medium,84,Text,6
ST0570,100,351,Low,High,High,61,Text,3
ST0571,96,519,Low,High,Medium,61,Quiz,5
ST0572,84,299,Low,Medium,Medium,71,Video,6
ST0573,97,304,Low,High,Medium,85,Text,6
ST0574,49,376,Low,Medium,High,58,Quiz,7
ST0575,74,540,High,High,Medium,49,Mixed,5
ST0576,42,258,High,Low,High,30,Text,5
ST0577,93,436,Medium,High,Medium,83,Video,2
ST0578,63,511,Medium,High,High,35,Quiz,4
ST0579,77,532,Medium,Low,Low,35,Text,7
ST0580,75,348,Medium,High,High,90,Video,2
ST0581,49,451,Low,High,High,94,Video,3
ST0582,67,574,Low,High,Low,34,Quiz,7
ST0583,48,600,Medium,High,Medium,84,Mixed,4
ST0584,42,488,High,Medium,High,97,Video,4
ST0585,59,225,Low,High,High,80,Quiz,1
ST0586,63,264,Low,Low,Medium,91,Text,5
ST0587,97,201,High,Medium,Medium,42,Mixed,2
ST0588,99,316,High,High,Medium,87,Quiz,1
ST0589,90,113,High,Medium,Medium,93,Quiz,3
ST0590,95,552,High,High,Medium,60,Mixed,1
ST0591,42,440,High,High,Low,40,Video,5
ST0592,97,165,Medium,High,High,31,Video,1
ST0593,62,588,High,High,Low,82,Text,6
ST0594,53,187,Low,Medium,Medium,57,Text,5
ST0595,83,351,High,High,High,46,Text,4
ST0596,55,145,Medium,High,Low,75,Mixed,1
ST0597,82,224,Low,High,High,67,Mixed,3
ST0598,46,339,High,Medium,Low,60,Video,6
ST0599,62,520,High,Medium,Medium,41,Quiz,1
ST0600,89,585,High,Low,Low,32,Video,3
ST0601,75,210,Low,High,Medium,91,Quiz,3
ST0602,96,507,High,Low,Low,69,Mixed,7
ST0603,95,153,Medium,Low,Low,50,Mixed,3
ST0604,66,287,Medium,Medium,Medium,88,Video,2
ST0605,79,521,High,Low,Low,33,Mixed,7
ST0606,87,417,Low,Low,High,88,Video,7
ST0607,49,87,Low,High,Medium,89,Mixed,2
ST0608,99,484,Medium,Low,High,47,Text,3
ST0609,99,114,Medium,Low,High,81,Video,1
ST0610,55,465,Low,Medium,High,53,Quiz,1
ST0611,95,574,Low,Low,High,77,Video,4
ST0612,50,442,Medium,Medium,High,89,Text,2
ST0613,91,301,High,High,Low,30,Text,4
ST0614,91,455,High,Medium,Low,39,Quiz,1
ST0615,51,143,Low,Low,Low,79,Mixed,7
ST0616,96,443,High,Low,Medium,72,Mixed,1
ST0617,66,289,Low,High,Medium,97,Video,2
ST0618,41,88,Medium,Medium,Low,34,Text,5
ST0619,51,386,Medium,Low,Low,67,Text,6
ST0620,87,161,Low,High,Medium,84,Quiz,3
ST0621,99,403,Medium,Low,Medium,64,Text,5
ST0622,61,209,High,Medium,High,99,Text,7
ST0623,90,200,Medium,Medium,Low,56,Mixed,7
ST0624,99,99,Medium,Low,Low,40,Mixed,4
ST0625,66,353,High,High,Medium,72,Video,1
ST0626,91,543,High,High,Medium,37,Video,5
ST0627,82,202,Low,High,Low,95,Mixed,3
ST0628,95,540,Medium,High,High,76,Quiz,6
ST0629,87,519,Low,Low,Medium,36,Text,5
ST0630,91,65,Low,High,High,44,Video,7
ST0631,55,141,High,High,Low,79,Video,3
ST0632,57,79,Low,High,High,76,Mixed,5
ST0633,50,322,Low,Medium,Low,89,Quiz,3
ST0634,90,280,Medium,Low,High,35,Quiz,5
ST0635,84,213,Low,High,Medium,76,Mixed,1
ST0636,46,600,Low,High,Medium,76,Quiz,1
ST0637,64,493,Low,Medium,Low,52,Text,2
ST0638,95,173,Medium,High,Medium,38,Quiz,3
ST0639,42,355,High,High,High,56,Video,7
ST0640,94,303,Medium,Low,High,47,Text,4
ST0641,70,368,High,Medium,High,72,Video,2
ST0642,54,184,High,Medium,Low,60,Quiz,3
ST0643,52,108,High,Medium,High,99,Video,7
ST0644,92,304,Medium,High,High,44,Mixed,6
ST0645,98,489,Medium,Medium,Medium,91,Video,6
ST0646,69,528,High,High,Low,56,Text,7
ST0647,62,124,Medium,Low,High,58,Quiz,5
ST0648,59,173,Low,Low,High,71,Mixed,5
ST0649,92,571,High,High,Medium,75,Text,5
ST0650,90,76,High,Medium,Low,64,Quiz,7
ST0651,95,587,High,Low,Low,94,Quiz,4
ST0652,54,307,High,High,Medium,84,Quiz,4
ST0653,54,207,Low,Medium,Medium,65,Mixed,5
ST0654,41,358,Medium,Low,Medium,36,Quiz,2
ST0655,82,499,Low,High,Medium,38,Text,3
ST0656,52,61,Medium,High,Low,77,Quiz,1
ST0657,65,421,Low,High,Low,74,Quiz,6
ST0658,61,306,High,High,High,87,Text,5
ST0659,57,486,Low,Medium,High,92,Mixed,6
ST0660,95,251,Low,High,High,94,Quiz,2
ST0661,44,147,High,High,Low,97,Video,6
ST0662,89,596,Medium,High,High,45,Text,2
ST0663,57,429,Medium,High,High,90,Video,2
ST0664,62,129,High,Low,Medium,98,Mixed,4
ST0665,81,598,High,High,Low,98,Video,5
ST0666,72,579,High,Low,Medium,67,Video,6
ST0667,65,579,High,Medium,High,87,Text,3
ST0668,83,80,High,Medium,Low,77,Mixed,1
ST0669,93,459,Low,Low,Medium,38,Mixed,6
ST0670,74,541,Medium,High,High,54,Mixed,6
ST0671,61,104,High,Low,High,88,Video,3
ST0672,100,456,Medium,Low,Low,41,Video,6
ST0673,41,442,High,Low,Medium,40,Video,7
ST0674,47,319,Low,High,High,80,Mixed,2
ST0675,96,76,Low,High,High,52,Video,6
ST0676,56,425,Low,Low,Low,66,Quiz,5
ST0677,51,129,Low,Medium,Low,39,Mixed,4
ST0678,77,413,Medium,Low,Low,43,Quiz,6
ST0679,56,306,Low,Medium,High,51,Mixed,4
ST0680,42,166,Medium,Medium,High,65,Text,2
ST0681,46,400,High,High,Medium,44,Video,4
ST0682,78,196,High,Medium,Medium,48,Video,3
ST0683,67,105,Low,Low,High,93,Mixed,7
ST0684,62,420,Medium,Low,High,49,Quiz,4
ST0685,86,406,High,High,High,56,Text,5
ST0686,90,239,High,Medium,Low,96,Mixed,3
ST0687,60,535,High,Low,Low,32,Video,3
ST0688,67,550,High,Medium,Medium,67,Text,4
ST0689,78,246,Low,Medium,Medium,83,Video,5
ST0690,72,198,Low,High,Medium,99,Quiz,6
ST0691,47,124,Low,Low,Low,46,Quiz,7
ST0692,64,528,High,Low,Low,90,Text,2
ST0693,97,97,Low,Low,Medium,74,Video,3
ST0694,76,360,High,Medium,Low,83,Quiz,6
ST0695,52,266,Low,High,Medium,86,Text,7
ST0696,56,104,Low,Low,High,32,Text,1
ST0697,42,264,Medium,High,High,67,Mixed,3
ST0698,85,102,Medium,High,Low,54,Quiz,4
ST0699,67,383,High,High,High,38,Video,7
ST0700,40,377,High,Medium,Medium,32,Quiz,3
ST0701,73,587,High,Medium,Medium,59,Mixed,7
ST0702,99,467,Medium,High,Low,96,Text,1
ST0703,91,544,Low,High,Medium,72,Video,6
ST0704,74,319,Medium,Medium,High,82,Text,1
ST0705,83,97,Low,Low,Medium,73,Mixed,1
ST0706,86,255,High,High,High,71,Video,6
ST0707,100,352,Medium,Medium,Low,92,Quiz,2
ST0708,87,425,High,High,Low,97,Mixed,1
ST0709,87,108,Low,Low,Medium,100,Text,2
ST0710,82,399,Low,Low,High,86,Text,5
ST0711,52,339,Medium,High,Low,88,Text,1
ST0712,63,187,Medium,Low,Medium,68,Video,1
ST0713,67,436,Medium,High,Medium,46,Text,6
ST0714,44,507,High,Low,High,69,Video,3
ST0715,100,469,Low,Medium,High,51,Text,5
ST0716,82,510,Medium,High,Low,63,Quiz,4
ST0717,98,455,High,High,High,59,Text,7
ST0718,61,407,High,Medium,High,91,Quiz,7
ST0719,79,251,High,Low,High,77,Text,1
ST0720,60,568,Low,Medium,High,66,Video,4
ST0721,82,569,Medium,Low,Low,36,Quiz,6
ST0722,94,436,Medium,Low,Low,48,Mixed,5
ST0723,47,591,High,High,Low,75,Video,6
ST0724,86,333,Medium,Medium,Medium,66,Mixed,2
ST0725,97,144,Low,Medium,Medium,88,Video,4
ST0726,59,494,Medium,Medium,Medium,51,Quiz,4
ST0727,72,140,High,Medium,High,50,Mixed,5
ST0728,59,500,Low,Low,High,98,Mixed,6
ST0729,82,244,Medium,High,Low,66,Quiz,6
ST0730,66,360,Low,High,Low,53,Video,5
ST0731,60,388,Medium,Medium,High,52,Mixed,6
ST0732,65,165,Low,High,Medium,49,Mixed,1
ST0733,84,141,High,High,Medium,50,Quiz,4
ST0734,58,395,High,Low,Medium,60,Video,1
ST0735,75,362,High,Low,Medium,44,Text,5
ST0736,48,373,Low,High,Low,35,Video,2
ST0737,52,516,Low,Medium,Medium,70,Quiz,7
ST0738,66,496,High,Medium,Medium,46,Mixed,6
ST0739,82,230,High,Low,High,86,Mixed,1
ST0740,100,514,Low,High,High,63,Quiz,6
ST0741,64,419,Low,High,Low,77,Video,4
ST0742,83,517,Low,High,Medium,53,Mixed,6
ST0743,87,103,Low,Low,Low,56,Text,5
ST0744,97,421,Low,Low,Medium,34,Quiz,6
ST0745,51,505,Medium,High,High,70,Video,3
ST0746,79,341,Medium,Medium,Medium,74,Video,2
ST0747,76,118,Medium,Medium,High,48,Text,6
ST0748,59,136,Low,Low,Low,77,Mixed,6
ST0749,65,475,Low,Medium,Medium,87,Video,7
ST0750,75,432,Low,Medium,Low,99,Text,5
ST0751,93,585,High,High,Low,50,Text,6
ST0752,40,223,High,High,Low,98,Text,5
ST0753,59,91,High,Medium,High,68,Quiz,1
ST0754,58,206,High,Low,Medium,45,Quiz,5
ST0755,53,508,Medium,High,Low,33,Video,4
ST0756,67,95,Low,Medium,High,81,Video,2
ST0757,90,189,Medium,High,Low,93,Video,6
ST0758,77,128,Low,High,Low,48,Mixed,7
ST0759,78,301,Medium,Medium,High,88,Mixed,5
ST0760,81,435,High,Medium,Low,70,Video,2
ST0761,60,430,Medium,Low,Low,49,Quiz,2
ST0762,69,452,Medium,Medium,High,30,Quiz,1
ST0763,68,93,Low,High,Low,99,Text,3
ST0764,68,217,High,Low,Medium,94,Video,7
ST0765,83,520,Medium,Medium,Low,72,Mixed,2
ST0766,53,439,Low,High,Medium,67,Text,5
ST0767,72,440,High,Low,High,90,Quiz,3
ST0768,70,514,High,Low,Low,67,Video,1
ST0769,90,138,Low,Low,Medium,48,Quiz,4
ST0770,97,200,Low,High,Medium,86,Text,4
ST0771,90,435,Low,High,Medium,73,Video,4
ST0772,87,467,High,Low,Low,44,Mixed,2
ST0773,50,381,Low,High,Medium,91,Video,3
ST0774,82,345,Medium,Low,Low,35,Mixed,1
ST0775,45,315,Low,Low,High,47,Video,3
ST0776,58,176,Medium,High,High,100,Video,6
ST0777,72,86,Medium,High,Low,44,Video,2
ST0778,82,250,Medium,Low,Low,69,Video,7
ST0779,80,571,Medium,High,High,33,Mixed,5
ST0780,79,590,Low,Medium,High,81,Quiz,7
ST0781,61,456,High,Low,Medium,58,Video,7
ST0782,45,180,Medium,Low,High,87,Text,7
ST0783,92,328,Low,High,Medium,75,Video,1
ST0784,100,326,Medium,High,High,41,Mixed,3
ST0785,88,516,Low,High,High,71,Video,3
ST0786,55,279,Medium,Medium,Low,37,Quiz,4
ST0787,83,352,High,High,High,54,Mixed,3
ST0788,59,562,Medium,Low,High,97,Video,3
ST0789,54,264,High,High,High,58,Video,2
ST0790,91,185,High,High,Low,65,Video,1
ST0791,52,198,Low,Low,Medium,55,Video,6
ST0792,49,135,Medium,Low,High,32,Quiz,6
ST0793,41,522,Medium,Medium,High,40,Mixed,5
ST0794,42,236,High,High,High,98,Mixed,4
ST0795,55,515,Medium,Medium,Low,87,Video,2
ST0796,70,149,Low,Low,Medium,41,Mixed,3
ST0797,79,387,High,Low,Low,95,Text,6
ST0798,94,415,High,Low,Low,80,Video,5
ST0799,89,126,Low,Low,Medium,54,Mixed,7
ST0800,44,357,Low,Low,Low,92,Mixed,1
ST0801,69,367,Low,Medium,High,70,Mixed,4
ST0802,66,221,Medium,High,High,95,Mixed,5
ST0803,96,238,Low,Low,Medium,37,Video,7
ST0804,80,430,Low,High,Low,76,Quiz,4
ST0805,76,580,High,Low,Medium,80,Video,1
ST0806,52,289,Medium,Medium,High,48,Mixed,3
ST0807,85,184,High,Medium,Low,84,Quiz,1
ST0808,84,265,High,Medium,Low,77,Text,5
ST0809,64,202,Low,Medium,Medium,79,Video,4
ST0810,71,302,Medium,High,High,77,Video,3
ST0811,65,565,Low,Medium,Medium,31,Video,3
ST0812,55,86,High,Medium,High,66,Video,3
ST0813,49,429,Medium,Medium,High,74,Text,1
ST0814,81,437,High,Low,Medium,74,Text,1
ST0815,84,538,High,Medium,Low,69,Quiz,3
ST0816,40,192,Medium,High,Low,87,Quiz,6
ST0817,97,148,Low,Low,Medium,41,Mixed,2
ST0818,88,127,Low,High,High,57,Mixed,4
ST0819,95,376,High,Low,Medium,86,Mixed,3
ST0820,89,467,Low,High,Low,83,Text,1
ST0821,96,550,Medium,High,Medium,86,Text,1
ST0822,46,598,Medium,High,High,66,Text,4
ST0823,89,480,Low,Low,High,50,Video,4
ST0824,67,479,Low,High,Low,84,Video,2
ST0825,54,135,High,High,Medium,83,Text,1
ST0826,51,188,Medium,Low,Medium,47,Quiz,5
ST0827,91,384,Low,High,High,41,Mixed,5
ST0828,84,135,Low,Low,High,48,Quiz,2
ST0829,73,520,Low,Medium,Low,56,Quiz,4
ST0830,69,537,High,High,Low,68,Text,1
ST0831,43,589,Medium,Low,Low,90,Text,4
ST0832,75,412,High,Medium,High,97,Mixed,1
ST0833,55,191,Medium,High,Medium,72,Quiz,2
ST0834,98,246,Medium,Medium,High,38,Quiz,7
ST0835,94,192,High,High,High,78,Quiz,6
ST0836,47,503,Low,Low,Low,41,Quiz,3
ST0837,69,574,High,Medium,Low,30,Video,2
ST0838,48,116,Low,Medium,Low,82,Text,4
ST0839,91,187,High,Medium,High,64,Video,4
ST0840,69,590,Low,Medium,Medium,83,Text,3
ST0841,82,216,High,High,Medium,52,Video,3
ST0842,73,371,Medium,Low,Medium,89,Mixed,3
ST0843,75,228,Low,Medium,Medium,47,Quiz,4
ST0844,78,225,High,Low,High,55,Text,2
ST0845,60,390,High,High,Low,53,Text,5
ST0846,100,290,Low,Low,Low,78,Text,7
ST0847,88,414,Medium,Low,Medium,67,Video,3
ST0848,97,591,High,High,High,100,Quiz,1
ST0849,68,350,Low,Medium,Medium,92,Text,4
ST0850,79,140,Low,High,Medium,35,Mixed,6
ST0851,92,316,Medium,Medium,High,68,Mixed,7
ST0852,86,261,Medium,High,Medium,68,Quiz,4
ST0853,97,341,Medium,Low,Low,93,Quiz,2
ST0854,72,188,Medium,Medium,High,89,Quiz,2
ST0855,67,370,High,High,Medium,58,Mixed,3
ST0856,93,155,High,High,Low,33,Quiz,6
ST0857,98,574,Medium,High,High,30,Text,4
ST0858,75,232,Medium,Medium,Medium,49,Video,1
ST0859,68,217,Medium,Low,Medium,63,Mixed,3
ST0860,97,235,Medium,High,Low,68,Video,7
ST0861,50,405,Low,High,High,90,Mixed,6
ST0862,87,102,Low,Low,Medium,45,Text,2
ST0863,95,89,Low,Low,Low,66,Video,1
ST0864,70,143,Low,Low,Low,83,Text,2
ST0865,68,106,High,Low,Medium,52,Text,3
ST0866,56,331,Low,High,Medium,92,Mixed,1
ST0867,88,275,Low,High,High,61,Text,2
ST0868,55,486,Low,Medium,Low,33,Text,4
ST0869,93,91,Low,High,Low,45,Mixed,4
ST0870,80,569,Medium,High,High,65,Quiz,6
ST0871,57,356,Medium,Low,Medium,93,Mixed,3
ST0872,89,369,Medium,Medium,High,38,Text,1
ST0873,89,554,Medium,Low,High,76,Mixed,2
ST0874,73,310,Low,High,High,91,Text,6
ST0875,71,475,High,High,High,85,Video,2
ST0876,80,364,Medium,High,High,63,Quiz,4
ST0877,55,524,Low,Medium,Low,90,Video,6
ST0878,57,134,Medium,Low,Medium,45,Video,3
ST0879,68,121,Medium,Medium,Low,77,Quiz,1
ST0880,44,221,Medium,High,High,95,Video,4
ST0881,85,510,Medium,High,Low,32,Video,4
ST0882,58,485,Low,Low,Medium,63,Text,5
ST0883,55,555,Low,Low,Medium,50,Quiz,4
ST0884,57,535,Low,Low,High,37,Mixed,7
ST0885,61,268,High,Low,Medium,48,Text,6
ST0886,60,408,Medium,High,Medium,70,Quiz,6
ST0887,97,207,High,Medium,High,89,Video,2
ST0888,74,380,High,Low,Low,47,Video,3
ST0889,45,386,High,Low,Low,75,Text,7
ST0890,48,413,Low,Low,High,50,Text,7
ST0891,49,468,Low,High,Low,36,Quiz,7
ST0892,54,193,Medium,High,High,64,Text,4
ST0893,64,439,Low,Low,High,76,Text,5
ST0894,84,587,Low,High,High,83,Quiz,6
ST0895,49,168,High,Medium,Low,75,Text,6
ST0896,85,386,Low,High,Low,36,Quiz,7
ST0897,53,307,Medium,High,Medium,67,Text,7
ST0898,44,537,Medium,Low,High,67,Text,4
ST0899,66,185,High,Medium,High,97,Text,2
ST0900,66,333,Low,High,High,39,Video,1
ST0901,61,520,High,Low,Low,95,Text,1
ST0902,74,313,Medium,Medium,Medium,54,Quiz,7
ST0903,69,204,Medium,Low,Low,53,Video,1
ST0904,66,159,Low,Low,High,42,Video,2
ST0905,43,111,Low,High,High,51,Text,2
ST0906,53,357,Medium,High,Low,99,Mixed,3
ST0907,93,453,Medium,Medium,Medium,71,Video,5
ST0908,66,488,High,Medium,Low,70,Quiz,1
ST0909,64,314,High,Medium,High,68,Text,7
ST0910,97,223,High,Low,High,64,Quiz,6
ST0911,89,395,Low,High,High,76,Mixed,2
ST0912,77,380,Low,High,Low,42,Text,1
ST0913,100,254,Medium,Low,Low,98,Quiz,6
ST0914,84,223,Low,Low,Medium,75,Quiz,7
ST0915,41,570,Low,Medium,Low,48,Text,3
ST0916,94,587,Low,High,High,31,Mixed,4
ST0917,96,538,Low,Low,Low,47,Video,5
ST0918,88,570,Low,Low,Medium,96,Video,6
ST0919,76,375,Low,Medium,Medium,66,Text,1
ST0920,64,569,Low,Medium,Medium,77,Text,4
ST0921,70,83,Low,Medium,Medium,92,Text,4
ST0922,40,152,Medium,Medium,Medium,82,Text,3
ST0923,100,462,Medium,High,High,73,Mixed,3
ST0924,62,577,High,High,High,50,Quiz,4
ST0925,59,528,High,Medium,High,43,Quiz,1
ST0926,88,306,High,High,Medium,57,Mixed,7
ST0927,64,280,Low,High,Low,49,Text,4
ST0928,94,421,High,Low,Low,94,Video,2
ST0929,97,109,High,High,Low,58,Text,5
ST0930,93,111,Medium,High,Low,54,Quiz,2
ST0931,66,348,Low,Medium,Low,97,Text,6
ST0932,74,566,Low,Medium,Low,98,Quiz,5
ST0933,87,541,Low,Medium,High,100,Text,2
ST0934,87,352,Low,Low,High,44,Video,2
ST0935,74,68,High,Low,Medium,83,Quiz,3
ST0936,91,170,Medium,Medium,High,88,Text,7
ST0937,78,501,Low,Low,High,39,Mixed,1
ST0938,97,197,Low,Low,High,44,Text,7
ST0939,54,330,Medium,High,Low,46,Video,3
ST0940,71,434,Low,High,High,32,Mixed,6
ST0941,54,472,Low,High,Low,91,Video,2
ST0942,57,434,Medium,Medium,Low,74,Text,6
ST0943,67,106,Low,Medium,High,69,Mixed,7
ST0944,71,470,Low,Medium,Low,76,Quiz,4
ST0945,41,112,High,Low,Medium,47,Mixed,2
ST0946,64,259,Medium,High,Low,86,Mixed,4
ST0947,61,431,High,High,High,96,Text,6
ST0948,82,355,Medium,Medium,Medium,73,Quiz,7
ST0949,83,135,Medium,Medium,Low,52,Quiz,7
ST0950,91,455,Low,Medium,High,68,Mixed,1
ST0951,65,576,Medium,Medium,High,33,Mixed,6
ST0952,86,521,High,Medium,Medium,45,Mixed,6
ST0953,50,346,Medium,Medium,High,58,Quiz,5
ST0954,93,181,Low,Medium,High,46,Mixed,5
ST0955,69,191,Medium,High,Medium,48,Video,2
ST0956,98,159,Low,Low,Low,59,Text,2
ST0957,48,463,Low,Low,Medium,69,Text,7
ST0958,79,442,Medium,High,Medium,46,Text,5
ST0959,74,407,Medium,High,Medium,56,Mixed,6
ST0960,41,434,Medium,Low,Low,46,Text,6
ST0961,98,207,Low,Medium,Low,40,Mixed,2
ST0962,65,263,Low,Low,Low,84,Text,2
ST0963,77,581,High,High,Low,44,Quiz,1
ST0964,76,471,High,Low,Low,39,Mixed,2
ST0965,82,572,High,Medium,Medium,32,Mixed,4
ST0966,41,101,Low,High,Low,91,Text,1
ST0967,45,106,High,High,Medium,85,Quiz,3
ST0968,81,99,Medium,Low,Medium,35,Quiz,2
ST0969,67,200,Medium,High,Low,55,Video,2
ST0970,48,401,Medium,Low,High,43,Text,4
ST0971,95,545,High,Low,High,34,Video,1
ST0972,69,591,Medium,High,Low,95,Quiz,5
ST0973,51,527,Low,High,Low,37,Mixed,2
ST0974,43,212,Low,Low,Low,90,Quiz,1
ST0975,56,587,Medium,High,Low,45,Text,7
ST0976,64,203,Medium,High,Medium,62,Video,1
ST0977,60,395,Low,Medium,High,35,Mixed,4
ST0978,53,386,Medium,High,Medium,38,Quiz,4
ST0979,69,226,Low,Low,High,68,Mixed,5
ST0980,60,462,High,Low,Medium,31,Mixed,3
ST0981,61,366,High,High,Medium,42,Mixed,6
ST0982,88,404,Low,Medium,Low,45,Mixed,6
ST0983,96,579,High,High,Medium,56,Mixed,2
ST0984,64,581,High,High,Medium,55,Quiz,2
ST0985,57,561,Low,Medium,Low,53,Mixed,3
ST0986,88,366,Medium,High,High,74,Quiz,4
ST0987,100,546,High,Low,High,33,Quiz,4
ST0988,93,77,Medium,Medium,Medium,41,Mixed,1
ST0989,66,437,Medium,Medium,High,48,Video,5
ST0990,56,399,High,Low,Medium,65,Text,4
ST0991,93,172,Medium,High,Medium,74,Mixed,6
ST0992,45,486,Medium,High,High,75,Text,1
ST0993,70,375,High,Medium,High,50,Quiz,3
ST0994,41,87,High,Low,High,94,Video,1
ST0995,87,545,Medium,Medium,High,60,Quiz,3
ST0996,74,331,Medium,High,High,94,Video,3
ST0997,43,293,Medium,High,High,38,Quiz,3
ST0998,100,112,Low,Low,High,42,Video,3
ST0999,62,551,Low,Medium,High,31,Quiz,6
ST1000,54,234,Medium,Medium,Low,97,Text,4
ST1001,81,596,High,High,High,57,Video,2
ST1002,44,449,Low,Low,Low,54,Video,3
ST1003,89,211,Low,High,Medium,66,Video,1
ST1004,81,308,Medium,Low,Medium,51,Quiz,2
ST1005,42,92,Low,High,Low,98,Video,1
ST1006,88,172,Medium,High,Low,30,Text,1
ST1007,41,255,High,Low,High,42,Quiz,1
ST1008,100,79,Medium,High,High,57,Text,6
ST1009,55,511,High,Low,Medium,94,Quiz,6
ST1010,52,381,Low,Medium,High,90,Quiz,3
ST1011,93,488,Low,Low,Low,76,Quiz,2
ST1012,41,215,Low,Low,High,53,Quiz,3
ST1013,79,482,Low,High,Medium,86,Text,4
ST1014,49,268,High,High,High,43,Text,3
ST1015,55,480,Low,High,High,53,Quiz,5
ST1016,48,573,Medium,Low,Low,75,Video,1
ST1017,70,542,High,High,Low,78,Quiz,4
ST1018,82,123,High,High,Medium,84,Quiz,2
ST1019,47,201,Low,Medium,Medium,57,Quiz,3
ST1020,76,591,Low,Medium,Medium,95,Mixed,4
ST1021,100,272,High,Low,Medium,59,Mixed,3
ST1022,53,392,Medium,Low,Medium,82,Video,3
ST1023,69,549,Medium,Medium,Medium,44,Mixed,3
ST1024,84,598,Low,Low,Low,70,Text,1
ST1025,56,445,Low,Low,Medium,45,Mixed,1
ST1026,89,381,Low,Medium,Medium,89,Text,6
ST1027,63,237,High,Medium,High,44,Text,1
ST1028,50,530,Medium,Low,Low,96,Text,6
ST1029,78,410,High,Low,High,47,Mixed,5
ST1030,78,422,High,High,High,93,Text,7
ST1031,87,330,Medium,Low,Low,76,Mixed,7
ST1032,85,555,High,High,Medium,66,Mixed,2
ST1033,47,256,Low,Medium,High,35,Quiz,3
ST1034,89,312,High,Medium,Medium,40,Video,3
ST1035,92,345,High,Medium,Low,71,Quiz,6
ST1036,50,365,Medium,Medium,High,93,Text,7
ST1037,59,290,High,Low,High,44,Mixed,3
ST1038,46,364,High,Low,Low,79,Mixed,6
ST1039,77,355,Low,High,Low,66,Text,7
ST1040,41,272,High,Medium,High,88,Mixed,5
ST1041,99,560,Low,Low,High,69,Mixed,5
ST1042,59,384,Medium,High,High,86,Video,5
ST1043,76,551,High,High,Low,58,Quiz,3
ST1044,83,417,Medium,High,Medium,100,Text,2
ST1045,98,340,Low,Medium,Medium,82,Text,6
ST1046,64,354,Medium,High,Medium,67,Quiz,3
ST1047,65,184,Low,Medium,Medium,84,Video,2
ST1048,100,448,Low,High,Low,54,Mixed,5
ST1049,85,464,Low,High,Low,38,Quiz,4
ST1050,52,413,Low,High,Medium,90,Quiz,1
ST1051,44,209,High,Low,High,77,Text,1
ST1052,77,357,Low,Medium,High,52,Mixed,2
ST1053,84,103,Low,High,Low,31,Mixed,6
ST1054,93,354,High,Medium,Medium,92,Mixed,6
ST1055,80,140,Medium,Medium,Low,43,Quiz,5
ST1056,55,414,Low,High,Medium,80,Quiz,1
ST1057,46,512,Medium,High,Medium,86,Video,1
ST1058,84,322,High,Low,High,96,Video,5
ST1059,89,550,Low,High,High,40,Text,6
ST1060,59,279,Low,Medium,High,45,Text,7
ST1061,94,266,Medium,Medium,Low,48,Quiz,2
ST1062,83,337,High,Low,High,80,Mixed,2
ST1063,78,338,Low,High,High,81,Mixed,6
ST1064,91,200,Medium,Medium,Low,43,Text,4
ST1065,47,171,Low,Medium,Low,51,Mixed,1
ST1066,90,305,Low,Medium,Low,38,Video,1
ST1067,76,308,Low,Medium,High,76,Mixed,5
ST1068,90,111,High,Medium,Medium,55,Text,5
ST1069,42,291,High,High,High,73,Mixed,3
ST1070,62,298,Low,Low,Medium,55,Video,3
ST1071,74,113,Low,High,Low,81,Quiz,6
ST1072,67,162,High,Low,High,45,Mixed,4
ST1073,82,483,Medium,Medium,High,59,Quiz,7
ST1074,63,398,Low,Low,Medium,84,Video,2
ST1075,44,543,Medium,Low,High,93,Text,5
ST1076,72,162,High,Low,High,65,Video,6
ST1077,81,200,High,High,High,64,Text,2
ST1078,61,65,Medium,High,Low,81,Video,1
ST1079,40,221,High,Medium,Medium,75,Mixed,2
ST1080,94,476,Low,Low,High,90,Video,2
ST1081,66,547,Medium,Low,Medium,81,Text,4
ST1082,92,548,Medium,Low,Low,92,Text,5
ST1083,71,264,Medium,Low,Low,95,Video,6
ST1084,46,354,Low,Medium,Medium,65,Mixed,3
ST1085,67,388,Low,High,High,48,Quiz,7
ST1086,63,352,High,High,High,88,Text,7
ST1087,80,120,Medium,Low,Low,43,Text,7
ST1088,97,151,High,High,Low,45,Quiz,5
ST1089,93,297,Medium,Low,Low,62,Video,3
ST1090,69,98,High,Medium,Low,92,Mixed,3
ST1091,85,239,Medium,Medium,High,93,Video,4
ST1092,49,487,Low,High,Low,59,Quiz,6
ST1093,67,240,High,Low,Medium,47,Video,6
ST1094,51,97,High,Medium,Medium,33,Text,1
ST1095,86,466,High,High,Medium,42,Quiz,4
ST1096,73,567,High,Medium,High,36,Mixed,1
ST1097,81,250,Medium,Medium,Medium,38,Mixed,4
ST1098,57,356,Low,Low,Medium,93,Text,4
ST1099,79,98,High,High,High,33,Video,5
ST1100,91,69,High,Low,Low,52,Text,5
ST1101,98,365,Low,High,Low,78,Mixed,7
ST1102,74,169,Medium,Medium,Low,71,Mixed,1
ST1103,89,403,Medium,Low,Low,49,Video,2
ST1104,70,351,High,Low,Low,68,Mixed,5
ST1105,69,525,High,Low,High,42,Text,3
ST1106,67,596,Medium,Low,Medium,39,Text,6
ST1107,92,565,Low,High,Low,96,Text,2
ST1108,86,197,Low,High,Medium,93,Quiz,3
ST1109,77,576,High,Low,Medium,89,Mixed,1
ST1110,57,539,Low,Low,Medium,55,Mixed,5
ST1111,60,339,High,High,High,67,Text,1
ST1112,94,257,High,High,Low,93,Quiz,7
ST1113,55,175,Medium,Low,High,92,Text,6
ST1114,93,398,High,High,Medium,94,Mixed,2
ST1115,99,226,Low,Low,Low,63,Quiz,6
ST1116,45,529,Low,Low,Low,99,Text,7
ST1117,57,323,High,Low,High,73,Video,4
ST1118,96,250,Medium,Medium,High,99,Text,4
ST1119,68,74,High,Low,Medium,99,Mixed,6
ST1120,55,405,Low,High,Medium,32,Video,5
ST1121,88,362,High,Medium,Medium,34,Mixed,7
ST1122,69,257,High,High,Medium,85,Text,5
ST1123,76,239,Low,High,Low,45,Quiz,1
ST1124,79,475,Medium,High,High,79,Mixed,2
ST1125,82,497,Low,Low,High,87,Mixed,4
ST1126,64,587,Medium,High,Low,70,Mixed,7
ST1127,61,395,High,High,Low,78,Video,5
ST1128,41,148,Low,High,High,86,Video,4
ST1129,71,470,Low,Medium,Medium,88,Quiz,5
ST1130,94,157,Medium,Low,High,34,Mixed,7
ST1131,60,249,Medium,Low,High,34,Quiz,4
ST1132,51,203,Low,Medium,High,52,Quiz,4
ST1133,71,548,High,High,Low,68,Mixed,5
ST1134,53,391,Low,Medium,Low,51,Text,3
ST1135,62,314,High,Medium,Low,92,Mixed,2
ST1136,91,66,High,Low,Low,85,Text,2
ST1137,56,327,High,Low,Low,47,Text,1
ST1138,61,452,High,Medium,High,69,Mixed,2
ST1139,57,301,Medium,High,Medium,79,Mixed,5
ST1140,96,517,Medium,Low,Low,92,Mixed,2
ST1141,78,333,Low,High,Low,44,Text,5
ST1142,84,397,Medium,Low,Low,92,Video,6
ST1143,96,369,Low,High,High,100,Mixed,1
ST1144,57,71,Low,High,High,99,Video,7
ST1145,75,327,High,High,High,90,Text,5
ST1146,40,428,Low,Medium,Medium,90,Text,4
ST1147,73,301,Medium,Low,Medium,50,Quiz,5
ST1148,100,123,Medium,High,Low,94,Quiz,6
ST1149,52,181,Low,High,Low,37,Video,6
ST1150,45,536,High,Medium,Low,80,Text,5
ST1151,55,374,Low,Medium,Medium,63,Mixed,3
ST1152,86,223,Low,High,Low,93,Mixed,3
ST1153,66,475,Medium,High,Low,78,Video,7
ST1154,71,574,Medium,Low,High,75,Quiz,2
ST1155,75,378,High,Low,Medium,66,Video,3
ST1156,88,180,Medium,Medium,High,71,Video,6
ST1157,55,362,Low,Medium,High,37,Quiz,3
ST1158,84,436,Medium,Low,High,33,Mixed,5
ST1159,70,286,Medium,Low,High,35,Mixed,1
ST1160,81,284,Medium,Low,High,46,Text,2
ST1161,85,196,Medium,Low,High,76,Quiz,2
ST1162,71,549,High,High,High,74,Text,1
ST1163,68,216,Medium,High,Low,33,Video,5
ST1164,90,525,Low,High,Medium,73,Mixed,2
ST1165,41,442,Medium,Medium,High,78,Video,3
ST1166,45,485,High,Low,High,42,Video,1
ST1167,58,542,High,High,Medium,84,Mixed,6
ST1168,54,283,High,Low,Low,74,Mixed,2
ST1169,65,313,Low,Low,Low,75,Quiz,3
ST1170,84,143,Low,Medium,Medium,82,Mixed,2
ST1171,55,598,Medium,High,Medium,74,Text,3
ST1172,59,517,Low,High,Medium,37,Mixed,7
ST1173,82,600,Low,Low,Medium,61,Video,7
ST1174,77,430,Medium,High,Low,61,Video,1
ST1175,63,139,Low,High,Medium,60,Quiz,6
ST1176,70,174,Medium,Low,High,69,Video,2
ST1177,75,123,Medium,Low,Low,40,Text,7
ST1178,73,577,Low,Medium,Medium,38,Quiz,2
ST1179,62,267,Low,High,Medium,69,Mixed,5
ST1180,67,213,Medium,Low,Low,44,Mixed,1
ST1181,87,228,Low,High,Low,73,Mixed,1
ST1182,75,395,Medium,High,High,51,Video,6
ST1183,61,592,Low,Low,Medium,32,Video,3
ST1184,62,512,High,High,Medium,98,Text,6
ST1185,84,179,Low,High,High,71,Mixed,5
ST1186,69,270,High,Medium,Medium,34,Text,3
ST1187,57,560,Low,High,High,88,Mixed,3
ST1188,59,153,Medium,Medium,Low,84,Quiz,1
ST1189,56,582,High,Medium,High,95,Text,6
ST1190,54,516,High,Low,Low,83,Text,5
ST1191,47,116,Medium,High,High,64,Video,3
ST1192,86,524,High,High,Low,32,Video,6
ST1193,52,195,Low,Medium,Low,90,Text,2
ST1194,60,585,Medium,Low,High,32,Quiz,4
ST1195,47,485,High,Medium,High,70,Video,5
ST1196,87,527,Low,Medium,High,78,Mixed,3
ST1197,74,119,High,Medium,High,79,Text,3
ST1198,100,533,Medium,High,Low,71,Video,1
ST1199,88,375,Low,High,Medium,42,Video,6
ST1200,84,82,Low,High,High,92,Quiz,7
ST1201,51,465,Low,High,High,42,Text,1
ST1202,52,320,Medium,Low,High,56,Mixed,7
ST1203,53,63,Low,Medium,High,73,Quiz,3
ST1204,87,283,Low,Low,Medium,93,Text,2
ST1205,70,134,Medium,Medium,Medium,94,Text,6
ST1206,57,106,High,Medium,High,73,Video,3
ST1207,86,493,High,Low,Medium,51,Text,2
ST1208,77,412,High,Low,Medium,68,Mixed,3
ST1209,88,125,High,Medium,High,76,Video,1
ST1210,73,121,High,High,High,85,Video,5
ST1211,78,130,Medium,High,High,55,Mixed,6
ST1212,58,543,High,Medium,Medium,93,Quiz,7
ST1213,46,92,Medium,Medium,Low,39,Mixed,7
ST1214,93,353,Medium,Low,High,98,Video,7
ST1215,52,478,Low,Low,High,57,Video,5
ST1216,58,244,Low,High,Medium,66,Video,1
ST1217,54,198,Low,High,High,63,Mixed,6
ST1218,63,490,Medium,Low,High,36,Text,6
ST1219,51,443,High,High,High,68,Text,6
ST1220,59,451,High,High,Medium,81,Quiz,4
ST1221,40,519,Medium,Low,Medium,58,Text,6
ST1222,85,446,Low,High,Low,41,Text,3
ST1223,74,444,Low,Low,High,42,Video,7
ST1224,48,142,Medium,Medium,Low,73,Video,6
ST1225,57,196,Low,High,High,64,Mixed,6
ST1226,42,416,Medium,Low,Medium,38,Video,5
ST1227,43,181,Low,High,Low,97,Video,5
ST1228,75,242,Medium,Medium,Low,90,Quiz,2
ST1229,58,462,High,Medium,Low,84,Text,7
ST1230,84,190,High,Medium,Low,56,Video,4
ST1231,100,288,High,Low,Medium,74,Text,2
ST1232,48,63,Medium,Low,High,39,Video,3
ST1233,80,83,Low,Medium,Low,68,Text,3
ST1234,95,365,Low,High,High,94,Text,2
ST1235,88,534,Low,High,Low,68,Video,5
ST1236,71,494,Low,Medium,High,85,Mixed,6
ST1237,46,448,Low,Medium,Medium,99,Video,7
ST1238,95,295,High,High,Medium,70,Quiz,7
ST1239,40,313,Medium,Medium,Low,55,Quiz,7
ST1240,76,531,Low,High,Medium,83,Text,4
ST1241,58,414,Medium,Medium,Medium,81,Text,2
ST1242,70,218,Low,High,High,62,Mixed,4
ST1243,70,342,Medium,Medium,High,95,Mixed,2
ST1244,68,253,Medium,High,Low,88,Video,6
ST1245,61,175,Medium,Medium,Low,100,Text,6
ST1246,51,92,Medium,Low,High,53,Text,4
ST1247,43,489,High,Medium,Low,32,Video,3
ST1248,56,76,Medium,High,High,96,Quiz,2
ST1249,100,306,Low,High,Medium,53,Quiz,4
ST1250,95,271,High,Medium,Medium,93,Text,1
ST1251,70,128,High,Low,Low,57,Video,4
ST1252,47,163,Medium,Medium,Medium,89,Mixed,2
ST1253,92,94,Low,High,Medium,64,Quiz,4
ST1254,44,517,Medium,High,High,98,Video,2
ST1255,65,109,Medium,Medium,High,85,Mixed,7
ST1256,71,310,Medium,Medium,Medium,37,Text,7
ST1257,44,105,Low,Medium,Low,96,Mixed,2
ST1258,76,471,Medium,High,Low,55,Text,2
ST1259,80,509,Low,Medium,High,76,Video,5
ST1260,83,299,Medium,High,Medium,89,Quiz,4
ST1261,43,282,Medium,Medium,Medium,48,Quiz,6
ST1262,49,117,Medium,High,Medium,60,Video,2
ST1263,49,203,Medium,Low,High,49,Video,6
ST1264,91,575,Low,High,High,68,Text,3
ST1265,76,356,Medium,Low,High,85,Mixed,1
ST1266,100,299,High,High,Low,82,Quiz,3
ST1267,59,386,Low,Low,Low,70,Mixed,2
ST1268,45,388,Low,Medium,Low,38,Video,2
ST1269,55,302,High,High,Medium,56,Text,7
ST1270,47,369,High,Low,Medium,82,Quiz,4
ST1271,75,206,Low,Low,High,64,Video,6
ST1272,88,593,Low,Low,Medium,66,Quiz,5
ST1273,66,286,High,High,Medium,50,Mixed,2
ST1274,78,483,Medium,Medium,Low,62,Text,1
ST1275,78,367,High,Medium,High,60,Quiz,2
ST1276,90,341,Medium,High,Low,81,Text,1
ST1277,79,122,High,High,Medium,60,Quiz,4
ST1278,54,239,Low,High,Low,44,Mixed,2
ST1279,89,497,High,High,High,49,Video,4
ST1280,73,567,Low,High,Medium,54,Quiz,6
ST1281,64,108,Medium,Low,High,33,Video,4
ST1282,68,412,High,Low,Medium,61,Mixed,1
ST1283,98,450,Medium,Medium,Medium,69,Mixed,6
ST1284,68,597,High,High,Medium,89,Text,5
ST1285,59,386,High,Low,High,92,Video,2
ST1286,95,486,Medium,Low,Low,85,Text,6
ST1287,77,478,High,Low,High,84,Video,7
ST1288,67,212,Low,Medium,Medium,34,Video,7
ST1289,59,367,Medium,High,High,55,Quiz,1
ST1290,76,445,Medium,Medium,High,50,Text,5
ST1291,79,248,Low,Low,High,64,Mixed,1
ST1292,43,544,Medium,Low,Medium,47,Text,4
ST1293,79,306,High,Medium,High,33,Video,4
ST1294,87,290,Low,Low,High,63,Video,1
ST1295,46,367,High,Medium,Low,65,Text,1
ST1296,100,207,High,Low,Low,100,Quiz,7
ST1297,88,534,High,High,High,52,Mixed,1
ST1298,53,119,High,Low,High,35,Quiz,7
ST1299,80,482,High,High,Medium,92,Text,7
ST1300,53,486,High,Medium,Medium,32,Text,6
ST1301,56,197,Low,Medium,Low,37,Mixed,1
ST1302,82,457,Low,High,Low,40,Text,2
ST1303,45,308,Medium,High,Medium,70,Video,2
ST1304,50,321,Low,High,Low,68,Text,7
ST1305,55,268,Low,Medium,Medium,38,Mixed,1
ST1306,51,398,Low,High,Medium,82,Quiz,3
ST1307,75,140,Low,High,High,76,Text,2
ST1308,44,520,Low,Low,High,41,Quiz,6
ST1309,50,439,Low,Low,Low,80,Quiz,5
ST1310,40,154,Medium,High,High,47,Video,1
ST1311,66,255,Low,Medium,High,60,Mixed,7
ST1312,68,112,High,Medium,Medium,44,Quiz,1
ST1313,84,334,Medium,Low,Low,94,Video,7
ST1314,78,446,Low,Low,High,45,Text,1
ST1315,70,100,High,High,Low,96,Quiz,5
ST1316,58,134,Low,High,Medium,97,Quiz,6
ST1317,42,252,High,Medium,High,62,Text,7
ST1318,54,282,Medium,Low,Medium,93,Text,3
ST1319,58,550,Medium,Low,High,41,Video,7
ST1320,85,273,High,High,Low,60,Text,6
ST1321,58,400,Low,High,Medium,45,Text,1
ST1322,84,370,Low,High,Medium,70,Mixed,2
ST1323,95,75,Medium,High,Low,72,Quiz,2
ST1324,69,276,High,Low,Medium,79,Text,4
ST1325,44,254,Medium,High,Low,60,Mixed,7
ST1326,83,180,High,Low,Medium,84,Video,5
ST1327,54,550,Medium,High,Medium,57,Video,4
ST1328,99,308,Medium,Low,Medium,48,Mixed,7
ST1329,56,269,High,Medium,Low,43,Video,2
ST1330,90,466,Medium,Low,High,52,Text,3
ST1331,90,305,Low,High,Medium,57,Video,3
ST1332,80,389,High,Low,Low,65,Text,4
ST1333,77,349,High,Low,Low,86,Text,2
ST1334,82,449,High,Low,Medium,82,Text,2
ST1335,91,537,High,Medium,Low,62,Video,1
ST1336,99,427,Medium,Medium,Low,37,Text,5
ST1337,52,375,Low,Medium,Low,92,Text,6
ST1338,67,327,Medium,High,Medium,98,Text,3
ST1339,47,428,Low,Medium,High,77,Video,6
ST1340,74,585,Low,Medium,Low,44,Mixed,5
ST1341,54,569,High,High,Medium,70,Mixed,1
ST1342,81,537,High,Low,High,99,Quiz,1
ST1343,49,160,High,High,Low,84,Text,7
ST1344,98,540,Low,Low,Low,90,Text,1
ST1345,57,387,Low,High,Medium,61,Text,1
ST1346,92,268,High,High,Medium,65,Mixed,5
ST1347,49,439,Low,Low,High,48,Text,3
ST1348,44,380,Medium,Low,High,76,Text,1
ST1349,43,483,High,High,Medium,90,Quiz,5
ST1350,50,106,Medium,Medium,Medium,77,Quiz,7
ST1351,90,286,Medium,High,Low,69,Mixed,4
ST1352,59,209,Medium,High,Low,32,Text,2
ST1353,78,76,Medium,High,High,34,Quiz,1
ST1354,87,327,High,Medium,High,36,Mixed,2
ST1355,92,487,Medium,Medium,Low,60,Video,1
ST1356,76,362,High,Medium,Low,62,Quiz,2
ST1357,98,216,High,Low,High,100,Mixed,4
ST1358,58,260,Medium,High,Low,79,Mixed,4
ST1359,68,397,Low,Low,Medium,69,Text,2
ST1360,47,295,Low,Medium,Medium,76,Mixed,3
ST1361,69,448,Medium,Medium,High,45,Mixed,6
ST1362,84,311,Medium,High,High,98,Mixed,3
ST1363,59,571,Low,Low,Low,60,Mixed,2
ST1364,84,405,High,Medium,Low,86,Text,6
ST1365,65,323,High,Low,Medium,79,Mixed,4
ST1366,100,560,High,Medium,Low,31,Video,6
ST1367,57,562,High,High,High,80,Mixed,6
ST1368,72,531,Medium,Low,High,62,Mixed,7
ST1369,74,232,Low,High,Low,68,Video,1
ST1370,71,420,Medium,Low,Medium,41,Quiz,4
ST1371,68,233,Medium,High,Medium,60,Text,2
ST1372,45,203,High,Medium,Low,68,Text,1
ST1373,78,560,Low,Medium,Low,56,Quiz,2
ST1374,42,248,Low,Low,High,50,Mixed,1
ST1375,96,120,High,High,High,86,Mixed,3
ST1376,67,596,Medium,Medium,High,70,Quiz,3
ST1377,87,94,Medium,High,Medium,82,Mixed,1
ST1378,60,136,Medium,High,Low,34,Quiz,5
ST1379,78,109,Low,Medium,High,65,Mixed,3
ST1380,56,66,Medium,High,Medium,40,Mixed,1
ST1381,41,482,Medium,Medium,High,92,Video,3
ST1382,45,200,Medium,Medium,Low,90,Quiz,1
ST1383,54,296,Medium,High,Medium,82,Text,1
ST1384,83,129,Medium,Medium,Low,72,Mixed,5
ST1385,93,214,High,Low,Low,84,Text,2
ST1386,95,69,High,Medium,Medium,42,Text,2
ST1387,76,283,Low,Medium,Medium,50,Text,4
ST1388,77,577,Low,High,High,63,Video,5
ST1389,100,526,Low,Medium,Medium,94,Video,3
ST1390,41,442,Medium,High,Medium,38,Quiz,5
ST1391,88,121,High,Low,High,75,Mixed,2
ST1392,83,554,Medium,Medium,Low,83,Mixed,6
ST1393,92,559,Medium,Low,Medium,100,Mixed,4
ST1394,57,76,Medium,Medium,Low,71,Mixed,2
ST1395,76,66,High,Low,Low,88,Quiz,6
ST1396,42,481,Medium,Medium,Medium,33,Mixed,6
ST1397,88,72,High,High,Low,36,Mixed,3
ST1398,88,77,High,Low,Low,53,Quiz,5
ST1399,51,341,Low,High,High,86,Video,7
ST1400,70,353,Low,High,High,47,Mixed,3
ST1401,73,77,Medium,Low,High,30,Video,3
ST1402,81,574,Low,Medium,Low,81,Video,1
ST1403,68,500,Medium,Medium,Low,55,Mixed,3
ST1404,98,243,High,Medium,High,69,Text,4
ST1405,57,169,Medium,High,Medium,70,Text,6
ST1406,51,158,High,High,High,40,Mixed,3
ST1407,77,596,Medium,Low,Medium,44,Quiz,3
ST1408,67,212,Low,High,Medium,50,Quiz,7
ST1409,80,306,High,Medium,Low,61,Mixed,6
ST1410,92,256,Low,Low,High,96,Quiz,7
ST1411,71,599,Low,Medium,Medium,46,Video,1
ST1412,45,318,Medium,Low,High,82,Mixed,7
ST1413,70,422,High,Medium,Low,70,Mixed,1
ST1414,62,333,High,High,Low,87,Text,7
ST1415,66,466,Medium,High,Low,91,Text,2
ST1416,61,140,Low,Medium,Medium,47,Mixed,7
ST1417,60,442,High,Low,High,63,Video,6
ST1418,82,475,High,High,Medium,52,Quiz,2
ST1419,46,530,Low,Low,High,71,Video,3
ST1420,94,309,Low,Medium,Medium,66,Text,2
ST1421,50,291,Low,Medium,Low,55,Quiz,4
ST1422,61,367,Low,Medium,Low,40,Mixed,4
ST1423,66,142,Low,Low,Low,83,Text,6
ST1424,84,92,Low,High,Medium,77,Quiz,7
ST1425,71,155,Low,Medium,High,53,Text,7
ST1426,58,475,Medium,Low,Low,80,Text,4
ST1427,82,448,Low,High,Low,78,Video,7
ST1428,100,446,Medium,High,Medium,58,Video,1
ST1429,65,547,High,Low,Low,32,Video,1
ST1430,92,117,Low,Medium,Low,32,Mixed,5
ST1431,88,69,Medium,High,Medium,59,Mixed,4
ST1432,75,235,Medium,Low,Medium,41,Video,6
ST1433,42,144,Medium,Low,Low,89,Text,3
ST1434,69,571,High,High,High,55,Mixed,2
ST1435,45,504,Medium,Low,High,63,Text,1
ST1436,60,399,High,Medium,High,51,Mixed,3
ST1437,56,157,Low,Low,High,36,Quiz,2
ST1438,60,600,High,Low,High,81,Quiz,2
ST1439,47,103,Low,Low,High,84,Mixed,7
ST1440,89,295,Low,Low,Medium,63,Quiz,4
ST1441,65,276,Medium,High,High,49,Mixed,3
ST1442,95,546,Medium,Medium,Medium,41,Video,3
ST1443,72,337,High,Low,Medium,77,Video,4
ST1444,92,107,Medium,Low,Medium,51,Quiz,4
ST1445,40,136,Low,Low,Low,45,Text,4
ST1446,82,347,Medium,Low,High,31,Quiz,6
ST1447,95,93,High,High,High,97,Text,4
ST1448,74,243,High,High,High,85,Mixed,5
ST1449,69,382,Medium,Medium,Low,88,Quiz,7
ST1450,66,76,Medium,High,Medium,93,Video,6
ST1451,43,272,Low,Low,High,45,Text,3
ST1452,52,207,Medium,High,Low,58,Mixed,2
ST1453,73,467,High,Low,Low,56,Video,7
ST1454,63,138,High,Medium,High,54,Video,6
ST1455,79,366,Low,Medium,Medium,64,Video,2
ST1456,88,226,Medium,High,Low,66,Mixed,4
ST1457,71,306,Low,Medium,Medium,93,Mixed,4
ST1458,80,458,Medium,Medium,Medium,78,Quiz,5
ST1459,68,399,Low,High,High,46,Mixed,4
ST1460,88,453,Low,Medium,High,85,Text,5
ST1461,43,203,High,Medium,High,56,Text,5
ST1462,53,140,Low,Low,Medium,57,Quiz,4
ST1463,57,572,Low,High,Medium,66,Text,5
ST1464,75,414,High,Medium,Low,54,Text,5
ST1465,48,114,Low,Medium,Low,83,Text,7
ST1466,99,160,High,Low,Low,53,Mixed,2
ST1467,58,507,Low,High,High,82,Text,4
ST1468,68,297,Medium,Low,Medium,48,Video,1
ST1469,96,137,High,Low,Medium,33,Mixed,5
ST1470,84,408,Medium,High,Medium,67,Text,6
ST1471,71,466,High,Medium,Low,63,Text,4
ST1472,47,394,Low,Medium,High,60,Text,5
ST1473,41,90,High,High,High,87,Video,5
ST1474,80,339,Low,Low,Medium,61,Text,7
ST1475,78,521,Medium,High,Medium,77,Text,6
ST1476,91,562,Low,Medium,Medium,88,Quiz,7
ST1477,55,293,High,Medium,Medium,40,Mixed,6
ST1478,85,424,Low,High,Low,31,Mixed,2
ST1479,50,444,High,Low,Low,90,Video,6
ST1480,59,502,Low,Medium,Medium,47,Text,1
ST1481,75,250,Low,Low,Low,71,Video,2
ST1482,40,449,Medium,High,Medium,80,Quiz,3
ST1483,75,147,High,High,Medium,57,Video,1
ST1484,66,362,Medium,Medium,Medium,79,Mixed,2
ST1485,45,312,High,Medium,Low,84,Video,7
ST1486,54,135,High,High,Medium,62,Quiz,1
ST1487,93,144,High,Low,Medium,39,Video,3
ST1488,98,334,Medium,Low,High,42,Quiz,5
ST1489,47,217,Medium,High,High,37,Video,4
ST1490,69,449,Medium,Low,Low,36,Text,2
ST1491,100,217,Medium,Medium,High,72,Mixed,1
ST1492,47,458,Medium,High,Low,60,Mixed,1
ST1493,81,384,Medium,Low,Medium,90,Video,3
ST1494,93,429,Low,Medium,High,75,Video,3
ST1495,49,169,Medium,Medium,Low,35,Video,7
ST1496,71,153,Medium,High,Medium,30,Quiz,7
ST1497,99,65,High,Medium,High,62,Video,7
ST1498,85,375,High,Low,High,94,Video,7
ST1499,58,515,High,High,Low,78,Video,7
ST1500,72,428,Medium,Medium,Medium,68,Text,2
